case,type,column,n,mean,median,variance,std,IQR,CV
H10T12,Reg,2,40,-0.002685,-0.002955,0.000002,0.001398,0.000679,0.520540
H10T25,Reg,2,40,-0.004002,-0.004967,0.000014,0.003750,0.002804,0.937102
H10T30,Reg,2,40,-0.004724,-0.005667,0.000018,0.004292,0.003882,0.908626
