case,type,column,n,mean,median,variance,std,IQR,CV
H10T12,Reg,4,40,0.079183,0.083880,0.000180,0.013419,0.004115,0.169469
H10T25,Reg,4,40,0.099850,0.102216,0.000437,0.020912,0.023056,0.209433
H10T30,Reg,4,40,0.103088,0.110229,0.000404,0.020091,0.024214,0.194895
